{
    "name": "simpleflexibleslider",
    "title": "Simple and Flexible slider",
    "description": "A simple and flexible jQuery slider that does what a slider needs to do: slide slides! The slider has some key functions on-board which give you full control over it.",
    "keywords": [
        "slider",
        "slideshow",
        "image",
        "simple"
    ],
    "version": "2.6.3",
    "author": {
        "name": "Bitlabs Development",
        "url": "https://bitlabs.nl"
    },
    "maintainers": [
        {
            "name": "Dirk Groenen",
            "email": "dirk@bitlabs.nl",
            "url": "https://github.com/dirkgroenen"
        }
    ],
    "licenses": [
        {
            "type": "GNU v3",
            "url": "https://github.com/dirkgroenen/simple-jQuery-slider/blob/master/LICENSE.md"
        }
    ],
    "homepage": "http://simpleslider.bitlabsbeta.nl",
    "docs": "https://github.com/dirkgroenen/simple-jQuery-slider",
    "dependencies": {
        "jquery": ">=1"
    }
}
